id,minority,white,median_income
1,2.5420354144095048,4.105102657704303,3.488905418877287
2,2.4132814051244087,3.638228198821908,5.1433531861948145
3,1.8305833138632488,2.790762002423239,2.58980005963026
4,3.9695969296062623,3.977408807303525,4.072113922960323
5,1.7431903814713638,0.6471210895885138,2.7888425400643584
6,1.6797236213840203,2.9445128604170012,1.5110016353914935
7,2.6377227047344354,3.3292453984415875,3.0306279679884898
8,2.566171271749083,2.9441952912321896,3.7691948191051
9,3.3563062558225862,4.246683294113565,2.939982466938589
10,2.8651771955567473,0.7702271495602377,1.7616571508021939
11,3.0551996312567358,2.470890585023855,3.448360027889102
12,2.861826917480996,3.6817621146537003,5.012686489141884
13,3.5477895823119265,3.108220707863366,3.44800279555796
14,2.521503496871887,0.6154680590988919,1.2160784957868083
15,1.9968112466291845,2.6683580742818886,2.884794287616585
16,2.521161646178811,3.9889322673701555,4.355567460110257
17,2.9829595528953545,3.229420882056074,3.6059872244343323
18,3.1797505453158266,3.0076419327763713,4.3380256729998194
19,4.342748952375484,3.0619104796363974,4.512363129839492
20,2.432298664538949,4.308171343955985,3.733929849151707
21,2.334447602905663,3.004892131304728,2.70132194093103
22,2.272885107639949,2.8796048317432605,0.5486900723471257
23,3.748468360264278,2.564409118780015,2.3168778372662686
24,5.504805699526566,4.5649369233503485,3.248944989763231
25,0.07709545657872807,3.2592153078174104,2.3234185902915017
26,4.4768092596894435,1.4882974131888578,1.3639488543685507
27,3.1207650344807027,2.0013623443588937,2.161353124749779
28,1.9635374677904855,3.7538395893768186,3.1390273799583817
29,2.580981706174274,1.1173044864528685,2.9638087613611646
30,1.3563836750903364,2.62825228038177,2.2083030240842905
31,2.5472292339642366,3.1645636681758638,3.9562175734437233
32,3.8256648181979296,3.943896092742234,3.3206852055500438
33,4.2171395995519205,2.1076309961740787,3.0389423928764714
34,3.3087198773638957,3.921535092779779,4.544794754841577
35,2.2913347084548006,3.322504259773519,4.060927660986195
36,2.376743268894002,4.469158936572209,3.6690018720743725
37,2.6715852088150047,2.8692246055373376,3.314726846515932
38,3.8090618412048256,4.949120232349442,3.95826468916301
39,3.082362991020306,1.6334414638483237,3.352622460509733
40,3.474812579053549,4.280656056633503,3.862363386954488
41,3.0188513203056035,3.070574462226728,3.75632333719652
42,2.278123134602112,2.2563001232682502,1.882509059979105
43,3.680345877176274,4.849230223962121,3.863540544748835
44,3.597879732151786,0.9497068378087778,3.832621859369641
45,3.701269011634155,3.188129804984471,3.899983336378095
46,2.582138463038054,2.1600526394050616,2.074682120470392
47,3.413219957324708,3.270099577298748,2.530570930117874
48,2.0801741683503803,4.316932647701025,4.131562900584141
49,3.987398471308378,4.946625651394116,3.749850901116962
50,2.8841735812761065,2.079400549682689,2.4196031698917064
51,3.5802167121782467,3.2040891721743856,3.542042624963928
52,3.9880503965884913,3.9002949309759503,3.527002261319278
53,3.2287157421401003,3.7277030043954493,4.116820649159426
54,1.9034769775360794,4.698825722787583,3.364350831706123
55,3.866564748776107,3.017908124201539,1.5635602448511174
56,2.8318386042305623,3.0095616634004543,2.3709524908659714
57,4.100915840658626,3.7244186005488533,4.198575209624355
58,2.5515437123904334,3.5121637984669514,2.132854378376259
59,3.1077184923279586,3.1238892883302847,1.3991572443405667
60,3.0417020059805777,3.2093985204367588,2.7136800837071204
61,2.5977687614275133,1.0533804200415071,0.981436076112479
62,3.5478235698374854,4.677205968096006,2.536063798331071
63,1.852123318542922,2.8588774740821576,2.305119466279605
64,5.142959252109327,3.4980498230966113,3.387275135269739
65,3.281281133357651,3.6672577879263137,1.5682770826938663
66,2.609862600441318,1.7556741946633725,1.3846811941115451
67,3.5521877473437087,1.9099566756524053,4.846374358985926
68,3.886434512775817,2.8110905477583357,3.578319495373893
69,1.5054299397386088,5.036344109132294,4.8111779099582295
70,2.6175219942902888,1.622791425099266,1.93764571215049
71,3.3134501641739718,2.1577298866760604,2.96419135596275
72,1.5631357405922504,0.4517205723296871,2.3605674085702013
73,3.710247598245677,3.3104231420404533,3.8463319461617074
74,2.2498478571624188,3.6343323774166842,1.9904628786642906
75,3.297614010925366,4.000399815477532,2.781287808875637
76,2.0122847110836095,2.9924003906421492,2.167039981304785
77,3.40951016260425,2.9909782374815945,3.824831288778629
78,1.1949313765972374,3.071683497300875,3.8689411660999835
79,4.355221801592146,3.742514399069193,3.790037776443532
80,2.3965301383827873,4.166002589576667,2.1757576330398227
81,2.5960472137501167,2.0028954040397204,3.171708886677995
82,0.7784619635631262,3.0487195586491302,2.709925715776554
83,3.151372923039978,3.464378762437488,3.0315584239211617
84,3.645286337635268,4.151986848198415,3.1220477421142876
85,3.698973699404312,2.5407073438902046,2.9957037730503076
86,2.1461456416982783,3.686954735894811,1.6748034105785032
87,0.5105998160358052,3.9146969656718302,2.631959313391692
88,2.129391685787201,4.600511040979281,4.061376489210024
89,2.59129530696224,2.202745667363947,2.4240153647580684
90,2.014422255806116,2.4795645400290702,2.347216910827947
91,3.9691240298603234,4.075617821670923,2.8263985140562324
92,4.015121899192718,4.918687920610324,3.1254283771515485
93,3.400599465766729,6.727476225859483,3.5323529221069787
94,3.4128227234148345,2.4419279851658304,2.9816240090290886
95,2.3551111870749715,2.852438586479631,2.76554560087653
96,3.2444171632724372,2.8267969138184537,2.589549257748059
97,3.30069582084492,3.2499459574504073,3.027482500760023
98,2.219363429880725,2.7626021531482885,3.0754117739692175
99,1.6148010846099876,2.580139902611088,2.8412286258891633
100,3.131581913640597,1.6351285058960476,3.164339410753991
101,3.6986675252817145,4.003320038913994,2.9468093861349525
102,3.989430876900144,2.8664964083169124,4.061513025358164
103,2.802305787503326,4.052435337952364,3.718747444303589
104,0.9249508595619038,4.592225903137065,3.005845167699786
105,4.365855397980634,1.80157381212875,0.7202047942806273
106,4.40014002884123,2.5228905541716014,2.403136808500605
107,3.6574365617267564,2.3666635802697282,3.7498861210929495
108,2.6710934916653386,3.425133646723744,3.051225966703136
109,2.681014404924898,4.57433805656801,3.542649841869488
110,3.08289078071316,1.858209572570776,2.361268273766481
111,1.356918584408437,2.754483218625339,1.801630421407318
112,1.687401096454431,1.7283140015902296,2.0464411501851014
113,1.7420844452365776,2.723203458166757,2.1777417540343835
114,3.6057889216863614,5.166447241011831,5.507385317779237
115,4.076991286804321,2.5474286138054887,3.7239292124070773
116,4.415283977258598,3.7322896959648917,3.637977614703638
117,0.6260334233006586,2.3497952254024885,3.1852673438598527
118,3.688125698704758,4.126785279205263,2.0321682517620854
119,4.94899649489518,4.3797273812051305,2.971323599859047
120,1.6699886865037998,0.9809011548227735,1.8634167378285693
121,0.6729463436963563,2.156745916148839,3.4809018966202734
122,2.625359521787278,0.5435286918341231,1.8632543003452033
123,1.4047929935238401,2.889093476833118,3.3861314067522885
124,3.6864244754173336,1.8377919155907074,2.604472140378868
125,3.3909987037333287,2.7471795300307047,4.5425740264543375
126,3.927870465880548,2.4444909643782404,1.957073296144914
127,3.907431505685436,3.7240705269005283,3.669765118111096
128,1.3850974828024984,3.2446833976047635,2.2961977303014254
129,1.963281883365252,3.0438698069432606,2.161053441034672
130,1.7673902599065223,4.217022727569887,3.8890408720443572
131,4.851676180572789,3.3525967087457906,2.596388554094564
132,2.410273867392738,4.075032119750758,3.4861524952484455
133,4.163644481674709,2.3188186661823034,2.686772567564388
134,3.3296687966727325,1.7091037959935433,2.4654550006459104
135,2.9694699672330396,2.956973156960801,2.433104445456782
136,3.6872578807688483,2.611150828793787,3.504911849787149
137,3.5059203646133827,3.220915089614654,2.3614141844831362
138,6.368509110620457,2.826912587714042,2.534206099082935
139,4.411233337763343,4.817662651800511,4.706160845350889
140,2.869245987324684,3.9498764818663803,4.073475527893077
141,2.2857430415107274,3.200921380609124,4.1732573448086345
142,2.0411452657648157,1.5704323057103358,1.8918891238264195
143,4.436825215223679,3.7636028719501446,4.900644698302537
144,3.56371291687321,2.507699025925374,4.365286443294853
145,1.2192736843025465,2.260527196974568,2.459121776076665
146,2.1625049176438633,3.435084811101912,2.208714921474828
147,3.5733204813967934,2.978418697297637,3.3061378541850024
148,2.302941446272533,3.922741501741222,1.9930585294852337
149,3.306811820783594,2.838082944870857,1.6973350920818495
150,5.043390580284958,0.4281997874493113,3.4371937212211394
151,1.8795068561696435,3.6127725423806147,3.658808519570051
152,2.881411110047934,3.506477501519842,3.030519821574833
153,3.606982959416854,3.7018388617943616,5.032917689142918
154,1.15856780160264,4.993725799481467,4.61253438702534
155,3.85786727612811,1.7851971329930705,3.6407760922518353
156,3.249920356207011,1.8013088422470016,2.506941774678016
157,2.134884573378531,2.789938274485915,3.0152835095350223
158,1.9241820805529852,3.513082188561726,3.3456951480540984
159,4.208261588899006,4.76964024519063,3.70125228232376
160,2.8733931998494446,2.9928038275363225,3.9743932301336815
161,2.613954356896638,2.0598139020583344,0.4210675448916139
162,2.050130657605162,3.7404154018268896,4.521412399461045
163,3.3422994404358293,2.769205120000052,1.8853979869727873
164,4.6473860509576586,3.0135923695514353,1.4678372024345911
165,5.992902350638939,4.047793831215573,5.205310198889858
166,2.8679019554737186,3.5692191153157404,3.5724155473220947
167,3.955495659579073,4.306568769941796,2.984179791299362
168,2.94135007545238,2.863696953011607,2.229466706493949
169,3.3097212340022892,1.668219026904016,2.454472331683161
170,5.10964930651547,2.7555076795861093,1.6611311415765715
171,1.8375213838846784,3.074593913932061,3.525287355974148
172,2.7124766451976705,3.5550480187417066,3.38895742574551
173,2.3227204755389033,2.821893641471903,2.0917397263822277
174,3.7920648970137085,2.2846192415267264,3.0312218149725685
175,1.199358186826181,3.0461849089150466,2.250909662967251
176,2.8035115626991884,3.5477735960855576,4.777804996349249
177,4.27662944725836,3.4649305967167634,2.945097795767729
178,3.20786149544098,3.1097606494890004,1.9437360931789716
179,2.357034321821099,3.8948325974402596,3.6461132096728077
180,1.5759551904546976,2.909541780216809,3.569651180401369
181,3.3185947104633726,1.6166708198776882,1.645102939732587
182,4.765297249258456,3.9558130737032138,3.7655639807502537
183,3.2819494850051973,2.4123001513963995,1.2804678661383173
184,2.1977411219511134,3.2636063943897113,2.3515433730694157
185,2.4250239580575723,2.589237748985441,3.9171492489518824
186,2.3238351421061125,4.926908077251119,4.444587208385945
187,2.064876279822024,4.804051311906314,2.916856553387403
188,2.775036339829242,3.3887762961090773,3.0041682559047156
189,1.9908696126617835,3.824431252522045,1.741384315620333
190,3.72423821449624,2.6364302957274814,3.26450838588875
191,2.2537001582851905,2.1714234337911686,2.378137247260484
192,2.9405040848745876,2.797122299291781,2.830620712148725
193,3.081511246819973,0.666548664533491,0.10886943799702475
194,4.7959474293856985,2.4826364076304293,0.6384625363391674
195,3.0174313220003937,2.807715918405145,2.0294044381375924
196,4.673145597028668,3.4549794473200834,3.375125222675786
197,2.196461529700969,2.9170129546671593,3.8736359336474075
198,2.0702333820663323,4.5605241988006915,3.6479934308072437
199,2.386591673695333,1.1787027951225308,3.3720162163706564
200,4.0586220808004825,3.056437431028637,2.5292665997406103
201,1.6235333483162397,3.6167733110997142,2.6114621919367846
202,1.8092073924745877,2.8003356224223914,3.8068701351163243
203,2.7945529933442446,2.638581988676454,2.9707064729726
204,0.4085879859802355,0.33473322374966186,1.2870086684341844
205,3.348128568370058,3.6743366933195407,4.064870836956159
206,1.7848225006687513,1.8430315176451888,2.815106206148923
207,2.3481982166214053,3.7606898271568188,2.8980619326523924
208,2.9708472066918388,2.83268982889339,1.9745817228053553
209,3.495635811049452,2.8359871234381395,1.9080485906628348
210,2.260653058745927,2.2743510702520804,1.5960133183349017
211,2.467310270610544,3.9184592277715886,2.5789835581416103
212,2.803929565489826,4.939303091032606,3.1400147572677897
213,-0.352474336269184,1.9250942774943307,2.212093892131115
214,1.2447504273152752,2.290786458113403,3.0252057557751666
215,1.6608621936093706,1.7414907174475596,2.5762855519373398
216,2.7832695660260165,4.1647426143659745,3.1982850123692472
217,2.3889486801057767,4.104648688950336,3.4924526677981316
218,1.5576423748564783,3.5970930807320336,2.819115885015898
219,2.8930387224148824,3.332912277111711,4.142962628636181
220,2.9260204985682168,3.5248793693143927,2.707712809891718
221,2.3418937812862035,4.48045641345898,1.9518056006215159
222,3.2717425731931455,3.3963929924402962,3.073758376500666
223,3.7882549508063588,2.9402498077414845,2.0412365427924106
224,3.0884195660791582,3.621189535830441,3.253196930898862
225,3.0115115323788197,1.9046473786224416,2.712397978867894
226,5.007008373624006,4.132922431041323,3.9208692984060085
227,0.36992451218193523,2.9483908974244306,2.8140206266341012
228,2.3267233269813263,2.3805006461391702,4.906932578865296
229,2.833894917895892,3.417264344841682,3.10369765299109
230,3.1801777627212977,1.5209478918081505,2.886161272034922
231,4.146929266516017,3.1387050458967174,3.735187333027552
232,1.444440717921419,3.045571082675256,3.0001691674788016
233,2.98795720390141,3.458630949036775,3.3030044803571235
234,2.8615425454936405,3.9884360931517415,5.488557676983342
235,2.74808586459087,2.34186331541063,2.117419737834637
236,3.350363480041327,4.820076758166033,4.454289565301234
237,2.1266080211910268,4.595207253057351,6.737569315770726
238,4.189901041573223,3.993014213140926,2.217141096097304
239,2.7078285504524375,1.99806956276272,4.837857088733859
240,3.063675505392737,1.8986579673552113,2.2952551605128324
241,2.6675490402363096,0.6406970580354701,2.828829768875247
242,2.454258824275251,2.9922953171370144,3.769766343591786
243,2.2788434822213377,2.634964581298882,2.454515483211212
244,4.787027441588245,1.1447388345005125,3.117298611639934
245,3.4187060274914405,3.8287498872130756,3.1515237737844517
246,2.369884482865112,3.8403978341228044,2.4723133035906524
247,3.916105059027663,2.125961358902356,3.144216958009023
248,2.9940785701851693,3.0303691396405443,2.712893476283738
249,4.845785041253288,4.714168146118308,3.126262856121245
250,4.00476523703261,4.439084440607946,1.745689059842733
251,2.876118297402249,2.065581300813938,2.292882360619016
252,0.9712593868390949,2.2563991222120467,1.8273222935025053
253,4.399587059430403,2.006209577217854,3.1081366397216894
254,2.1715834761582307,1.9578991247613322,4.056769674633796
255,2.101992333983639,2.9858282655227617,3.044672303682018
256,3.6149018892576965,3.0693153589163713,2.4731311713540105
257,2.579372796517525,1.229867350964423,2.477866992435386
258,3.286850868937628,2.8808401633517224,3.893599133014191
259,1.1832317405481618,2.820912540483985,1.3603302017493486
260,3.2333514270731896,3.2005541766564867,1.7063876202706751
261,1.7782593429063995,4.635833259840441,4.066700075171438
262,3.688235389359379,1.1908491875284777,3.458023979845213
263,3.454331217312018,3.167138945077747,2.9349499983759455
264,3.699728452559162,2.288227894685191,2.424867863983089
265,5.234278177207554,4.138889448113837,3.957675426011132
266,1.7788259910670465,3.8992446789058874,2.9380601759639973
267,3.7075883211146916,1.863015414672014,2.88610728686895
268,2.925616870170885,4.484036973647208,3.7315986991553487
269,3.5529440804893158,3.1067467747307114,2.630384736680562
270,2.6290620529821034,3.36276943585647,3.327439721261308
271,2.5969930723892642,2.785874837313254,3.4650983752833615
272,4.195165821959067,1.8136909736444062,3.3197003921319763
273,3.3688941848465195,3.7160028216791128,3.17177182640376
274,2.7355039354706707,2.372699358368167,4.056966444198752
275,3.4208323880252935,2.1562062306163456,2.7190754663988717
276,3.1331762759565844,2.738423604489182,2.9218786448288836
277,2.5473964934675317,3.785652599983864,2.1379740835983716
278,4.11736668852539,2.776241458424263,3.8604012239466763
279,2.203119777488944,2.4492942135636686,1.8177423772009003
280,4.893528348442363,2.5401126088811017,1.8382568339369738
281,3.770264771056619,3.121301841391789,2.9044145075666754
282,3.4850695513807786,2.964035490673752,3.0033290973554596
283,3.370382547498394,4.076212655751827,3.264142324611951
284,4.458316176461459,1.025353357875944,2.361308617032476
285,1.7974303708912664,2.222718779950887,3.088490541686735
286,2.9269437499239075,3.1306434781344863,2.7507863415133196
287,3.545334647264583,2.0960258189685588,2.0545508969767745
288,3.097467276235316,3.7437219952367817,2.8608254071532637
289,3.801053970659722,2.7426360552767797,3.1886193338515127
290,2.5471194671073234,3.3354028909877727,2.2981623092457872
291,3.6369907687093668,2.488871390356552,3.2528685745154666
292,2.225405998719148,3.187725793945714,3.468766146290468
293,2.0124927899222564,4.2981910933462535,2.604336159713985
294,2.561330637745319,3.683601399768439,3.4936456264515003
295,2.289253931378702,3.3501041353233223,4.116413499110529
296,1.7958704285694196,3.842446709385877,3.6935728420210827
297,2.9805429356082898,3.296852905354435,4.053975850284798
298,3.826255870459344,4.816197694914294,3.45913440144731
299,2.9535059624449365,2.4338201677054534,3.2252737446925774
300,3.032717855870681,2.9808155610161893,2.54787367260091
301,1.5094078001259472,2.1578038918699027,1.0849663973920287
302,1.7258001386100716,3.048672820106177,1.0841894306524262
303,2.2836348323246036,4.578247090452188,5.730704837044506
304,2.9313108481895855,2.6911220304675374,4.107500432163182
305,2.4906052178543767,2.5928090050563286,3.5716105836730856
306,3.318132616485709,3.697842680862624,3.7803298973640223
307,2.979996866612583,4.241761691440815,3.307792390114599
308,3.5197203896792386,3.4332251659148914,3.963752628589269
309,3.0679085599060407,3.3861766721425672,1.5248411306998713
310,2.2856969927662343,3.5207798907201764,1.5719592671528524
311,3.347140997450566,1.101596650745385,2.0123141169202396
312,4.841070008431613,2.761366725031466,2.897850338364795
313,3.366009212196372,2.741795044465016,2.595781932611801
314,3.4751760376616647,1.425908658893182,2.9704006659633593
315,4.297430254985242,3.8756636379981955,4.490761517880363
316,1.7228706416928554,3.1024795559020664,2.7642266920190237
317,4.011913017661129,3.4318352801653345,3.7023210489730674
318,2.792597868086297,2.5262011329115768,2.591234484682837
319,3.4288962090899404,4.500438565964083,4.91643881246555
320,1.5527998749839624,1.5226150236673381,3.3376890623783737
321,2.2057746819713278,2.192067626994604,5.147194903127652
322,2.3752941726116843,2.7994022457946652,1.9503633175007287
323,3.405736149817374,2.729751247112064,4.300622002025808
324,4.667014937312519,2.690234091026226,5.181971456146991
325,4.135830508440292,3.9527647331788716,1.9743070943936962
326,2.9446476253249028,2.747808832668523,1.9555972270685718
327,1.8470289988680868,2.7486911134040506,3.5155288879179407
328,3.888669800544408,2.945398319324061,2.6542265521407913
329,1.3955671344961629,1.9925540234317427,2.38136617873943
330,3.7452045228688364,3.783344429416312,3.66695851668751
331,4.717553035833209,3.319743260128552,4.647852633351157
332,3.812685814403373,2.532688104348005,2.606770140360753
333,1.7511611491982657,3.7051835677847773,1.1856123764533226
334,2.3163244226116384,4.282726419017784,2.7378905210256184
335,3.0800786294068367,3.962280979110278,2.208250018316355
336,1.163740516531367,3.334397874126934,4.685901768409881
337,3.818308373354636,2.997509278155124,5.554736761007775
338,2.445298764177301,4.01964573339644,3.4790277117814723
339,2.357838581548988,2.6564533706033693,3.268699027329541
340,4.316070241220923,2.403772997175704,3.5123346742642303
341,2.0498030339760493,3.113057338483947,3.774892770603465
342,3.87080745392646,3.851520981119871,2.96677213018295
343,2.253876326855478,5.244825060016396,4.338567243787461
344,2.6515098558800547,3.577727523125473,3.325776094351995
345,3.9024890204272458,2.4370012364914055,2.104465726026406
346,3.8069775515360558,2.2870931869802864,3.694802132239628
347,3.0257249154377472,2.3114282681311664,3.050559405962151
348,2.9831861265073525,2.996107267971417,3.773319220619808
349,3.167174016953095,2.164656832591631,1.9259236309498968
350,3.055207053207936,3.047211918142123,4.793375236461006
351,1.819036792774485,4.645436620666102,2.8837522843451886
352,3.4093549582315275,4.954061259512773,4.021181216958137
353,3.2496195713871816,4.107796298453075,3.8588137149944153
354,1.5237488272011677,1.8232306840887302,4.226218140123063
355,4.280525826156395,4.558980270080868,3.507023923598255
356,5.188700127706829,2.0210637341980378,1.1208727242239072
357,3.3668860999200856,3.1305030158796785,3.059149291157075
358,3.3866336311037792,2.9785285750286983,4.037767995356488
359,2.9555043276297064,3.3710775004183557,2.685491667052608
360,4.039789954836059,1.8093751065092438,3.3256408668746014
361,3.455117700134339,3.4268468242072774,2.5411453859057853
362,2.7462627581161074,3.600300334879747,1.9441422076104533
363,3.371527182762442,1.843545155908167,2.8140219797336674
364,1.2058660358062476,2.6815412148553204,0.77266703115493085
365,1.3116490481559924,2.7973728740121477,1.3820531610277498
366,2.2860801981483276,3.5331659229551233,3.011532806254884
367,1.7840029602320617,0.40122145662551834,0.6197849076109772
368,3.60874266668708,2.9280541226837506,4.032074193713857
369,3.277432151214015,3.2390280713054125,3.4540865580086555
370,3.7016094418780012,2.1486867735363835,3.9600261019398357
371,4.111906438932563,2.5847041898794796,2.3464322093853096
372,1.7935442265784398,2.321860490325279,2.654518328518519
373,3.084384877051667,2.548251695378199,2.567087229007555
374,2.7921599099540786,1.9743855341931138,3.5601098927624197
375,2.47149039675594,4.077060248994429,2.2392687490825427
376,0.9234393033967336,3.203633222760847,3.328799719017891
377,2.0263463096358136,3.0127756744762144,2.896442734508373
378,2.306250911549334,3.0641627578367068,5.128911836974959
379,2.5387310315311087,3.3141482337843984,2.132392736893487
380,3.6610775405366502,2.755439760025329,3.273553477623088
381,3.886672113875516,3.7314975080612167,3.914239565916005
382,2.890946374754611,3.1418278182659507,1.1943919643914316
383,1.143903071062775,1.1120896680262367,1.558148644972205
384,2.8936304076165142,2.6344260753184137,2.655750035031013
385,1.7560371121296183,2.8200208349974103,3.4376249384425748
386,4.666809543747103,3.2307706405634287,4.086884459408583
387,2.7600844758674055,3.872116970847176,2.4637549105055334
388,2.9465861910161455,1.4091739706001825,1.758996068262179
389,3.7077873760802564,4.49510012693343,2.0922069238060717
390,2.5953978725268882,1.9850492068742263,2.868533883629909
391,2.706535280558585,2.086947594745079,0.2328320068890033
392,2.2812706815311388,0.9607544675410358,2.3949538138047073
393,2.169036806925961,3.3596375618555294,3.7761234062364686
394,2.502631265813095,1.4488523945862286,2.268495047145618
395,4.717241554994002,1.917060286148697,0.7029057699937118
396,3.5997916990264702,3.552439952543429,3.2493635135201946
397,3.0661964937346076,1.9924377404246427,2.0170372995001333
398,1.6737864917146115,4.27741449974868,4.550538820055325
399,3.5709453907939532,1.6506454483209239,1.552364725359981
400,2.7597841635017857,2.714937060792119,2.5626290334278883
401,1.866006487645165,2.554874119725973,4.051271829583618
402,3.3341307045855655,4.291472426381398,2.7288358473866765
403,3.707964530400814,2.840373617250216,1.6024698463281073
404,1.7017243675781948,2.215663174187787,1.3096031335511333
405,2.7978482925217167,3.445586116728083,2.5314095239933403
406,2.4373510221192043,3.653469533936034,3.4605768564503396
407,6.035281136589236,2.1029789455488666,2.218403424677054
408,2.275305117025252,1.9520265714845906,2.758907950187073
409,1.0952308692255122,2.3242779751678992,2.3690095604083727
410,3.041132446674957,2.213902189479801,0.8918721343059
411,2.8281010145101564,0.6871838836067896,3.8261194292919436
412,4.39477329480301,3.198749447823574,3.128017139186002
413,2.6458152289041865,1.7389462368510586,4.848974351397526
414,2.5514648009773677,2.4724461865232907,3.0771535442815234
415,2.314594091375005,2.620897915220907,3.8120659402356574
416,3.8250695766671736,2.308633272188369,2.446343016334492
417,2.1522809675403,2.9967617863090465,5.594516011037205
418,2.060756043113751,2.524686744148405,2.126442599633794
419,4.050064555873915,2.885417821529059,2.7246081815905083
420,2.4334583174972275,5.049778794611931,3.010778045927075
421,1.8857446815671033,4.801854452407105,2.384294532280883
422,3.125358533985475,2.9068884366958665,2.6276496643353555
423,3.267823807844401,0.4159489486015078,1.7495600300224883
424,3.7168480926537235,3.191980404263103,2.441856205441999
425,2.5404236286430923,1.209717497176824,3.4124084741412695
426,2.330420777726614,1.4494077319231045,2.088029398697884
427,3.4258824630052844,5.8160382553186265,3.3837398690441063
428,4.02161196523953,2.614980288482065,3.7288190265707977
429,2.5103233925244917,2.560027117677368,1.5340038621234848
430,0.7150694802002318,2.238790198084649,2.0180150660760985
431,4.68645055667263,3.113206042770065,2.303049857976073
432,1.5909052567410318,2.458274874653263,3.2304269653486237
433,0.9662678722556626,1.6941012962906168,1.4065886150347853
434,2.8650903979348312,4.023725484777476,3.9269785109287936
435,2.6595028279820596,1.4755166091423024,2.400531494192178
436,3.649564152984928,3.0213425637904914,3.5564988722840907
437,3.125327278899542,1.3403246502840442,2.9118236458586875
438,1.6851212942197926,2.5655308155982945,1.6064624991005556
439,2.6485647873845766,2.831767103719958,3.0100089906310976
440,2.752296269024084,2.7981334305749535,5.278156469365853
441,4.033047869115382,3.695685385233717,3.4936132380889253
442,2.79498719358529,2.355486019439989,1.778767945474493
443,3.165108913979903,3.0769668147901013,3.946534126546178
444,3.7106140742318736,5.637569874190456,5.516869290384056
445,3.1301717739293773,3.3212262583029433,1.996729277811693
446,3.5254799826487107,3.040208218240767,2.876656532159827
447,2.9793123682008145,2.2710014825386367,4.025274908173888
448,3.727980313506256,2.9780717135922363,3.7419331557966373
449,4.054520732826196,4.0880929219447975,3.4621117768384044
450,2.6312784591348364,3.3095935149525344,3.2477194797843056
451,3.677784506830501,2.0402121828795723,3.3891956919489235
452,2.4037403143125227,1.505028127514553,2.786753167786231
453,3.7564350283689585,2.9746730396069383,2.606078764136666
454,3.818420664348607,2.0959700220652775,1.0883492372179397
455,4.7144671306217525,2.1160429310946096,1.6259600635706337
456,3.6323854628685472,2.7173387449937,2.915291535668123
457,2.0481492544101414,3.5363787015709307,2.939150629074494
458,1.9252112806449846,4.869811760064177,3.036893074700244
459,3.65442650314141,2.5579301553423113,3.553233509692629
460,3.380508455161646,3.234833166916779,2.5869802248378266
461,3.2536673627390504,2.370599652551608,4.3210519156597975
462,1.708494257861609,1.8277459012913075,2.706225510367677
463,1.3018292998368448,4.18113439783581,3.685489714833657
464,2.447257599674945,0.9769090905631592,0.5410441037026104
465,3.3322576365866596,4.124518767992582,2.702279209235572
466,3.851692835154937,2.2925916172901672,3.87738069799779
467,3.429293242018191,3.179402553973571,1.2063060014772757
468,2.634470652218844,3.0801042152192335,2.7051486776370757
469,2.7777179924522235,3.386621717747334,3.896988262069396
470,3.1206432828284574,3.713204452634699,2.5522799810084837
471,2.7984835321009514,-0.2502198643059814,2.5173698322495595
472,3.094148512397568,2.513360056146099,1.8433640901516877
473,3.5162090170431037,2.810703913039303,4.3397143053962575
474,3.000520148118947,2.8267351438511907,2.232509477960895
475,2.9787216477048477,2.534677367305879,3.9489690200185885
476,2.819091945152514,2.560874518538364,2.3076327643445707
477,2.479627648777297,3.354972050451157,3.608300477655618
478,2.46364825266102,1.456060626545923,3.0651264632498205
479,2.696760922971611,2.5346324151551247,2.306845617019034
480,2.497174764251217,1.2626682745684557,1.7128930731296084
481,4.1857856469113415,4.715557145795171,3.6684365007188275
482,4.409015721928681,3.7618623722621227,3.9918504351583217
483,4.00019706158399,2.283338253060638,1.8314341236492033
484,1.749344078089913,3.4822343512836818,3.4409784810076003
485,3.085265965491633,4.914788363207234,3.1824208284510442
486,4.1192005604495865,4.106535589245393,3.5033056574934953
487,2.890648559276515,2.1836208404891666,1.5011021776992812
488,4.540889602568997,4.291435974732811,4.915721408276616
489,5.116007529109437,3.9544257063368677,2.319728756461558
490,1.97083228838016,3.3515733018714586,3.570195566170185
491,3.207793905498651,3.7760847358059864,4.009803301304315
492,4.536146126443464,3.0205007561407506,1.948496160120465
493,3.256425277537398,4.357512321435731,3.6834032013529967
494,1.8447531700430262,2.673251378613632,3.0689952110662317
495,3.3517754766398755,2.6402002154835564,2.5897687804654144
496,5.596804435186373,3.8451889562238613,4.5149162664808635
497,3.1265087156556857,1.8108290528340782,2.5181931243086604
498,3.1922368852500194,1.357672483250624,1.9096680702711617
499,2.8446190179166235,2.3372934365013682,2.6626706029959424
500,2.9697836142597858,2.7357779313973833,2.733820576904467
501,3.290586801527091,3.3417422583448917,2.3322357344637794
502,3.5157544813313732,2.9864050804318145,3.7735848973814896
503,3.1291483625573178,3.127169932358085,3.628691488657065
504,3.9377503133945004,3.9854418862520093,2.8957894869917733
505,2.7780915541839835,4.314267899632796,3.362524482747845
506,2.2039756550392715,3.7450596701855634,4.001571711242558
507,1.8862927969707783,3.065700910410932,1.415769986385731
508,2.359945462497286,2.9534960900097036,3.241608936088544
509,3.479804421766425,3.3602967041910556,4.4483819267429014
510,2.9245673162526002,2.7722378360907998,2.8960075381821277
511,2.2939223855086315,3.4440291764499573,3.908936626191932
512,3.8815679802194523,2.258734277832333,2.2954612492673285
513,1.1051566766105658,2.624717731108014,3.206712724397078
514,3.7897620705019297,2.331624608250284,2.5596309882999773
515,4.0528209847825245,2.708016626497214,4.7190341515758405
516,3.0488379060527055,4.4502639409540485,1.432857454381656
517,5.877880571421062,2.414028921006346,3.940358775045876
518,3.760750646112183,3.5250781069019297,3.3164888980373526
519,4.292279110080614,1.949661565867311,2.4869195333089187
520,4.044113882615613,1.5557131836507134,1.1058163467280566
521,2.0313185656933883,1.5795494321674428,3.0765913482956804
522,2.1343643616464067,2.603874522027176,4.169034340952074
523,5.358311193305655,2.1835189167740685,2.9656825860982905
524,2.0812314117777024,1.3216045475956388,3.180907320019946
525,3.9575398975742155,3.467846701823735,3.0863073983375067
526,1.8161925400590764,3.1251012202368185,4.237464998246589
527,2.1992952591314667,3.37571510338109,4.518173091961598
528,2.1211171895329923,3.038800077133544,3.25605747862056
529,3.1767214088931897,3.0483311436303824,3.289481679574856
530,2.6070542380989687,2.130769370631523,4.087370024891401
531,3.6135405381829377,2.7129135813184266,3.385933988981648
532,1.9070037866856289,3.382175582479272,5.124070790615125
533,2.266831453675598,4.248491991680963,3.2890628685484815
534,4.209557924509345,1.5322181943271591,2.8616828022927248
535,4.166803791493094,2.190082196691762,2.909954718342286
536,3.555039629567606,1.313378679112848,1.9267594363474383
537,3.1256506453476014,3.397435798396672,4.1129305415504085
538,2.8416740722220624,2.8569716463380934,2.9013457871294954
539,2.637091630229096,3.1502543926638573,3.538730868645489
540,1.9524241073227948,3.7188139657836214,3.7797576936705255
541,4.7966473752997105,1.9374296704826017,3.0503820879319257
542,4.715404058119664,1.8682737085233836,2.9897050302350614
543,2.782215171576535,2.0986141157904594,2.7302741864461026
544,2.247707309736297,2.828938388411447,0.38780937432586704
545,3.064116059509419,3.742451929393453,3.7685202572137344
546,1.693834698358003,3.5795289402692267,4.329310130562217
547,2.414863874988228,1.4899913836086816,3.6785621514193805
548,2.9275415254221304,2.900794975925182,1.9759745851072588
549,3.4806907839114727,3.77709661424181,2.4514037607224752
550,2.9896662936880927,3.8023675677415274,3.5276749619582617
551,5.218527239830652,4.2678111349174745,3.5751439328340293
552,2.936797455070172,2.898760675872396,2.8016748894847243
553,3.5817940262888732,1.2003780607259742,2.706721155992707
554,4.627240698358591,2.2880119861812696,1.7402174428189714
555,3.2317042916060372,1.6438090617771357,2.5299169883050516
556,1.8711833458444072,3.0700922573312996,3.4500665073122843
557,3.4947945383107943,2.6648403850407703,2.56982405795747
558,2.425617100087952,3.17243353689729,4.911901031761294
559,3.1463170940424856,3.8556724804340257,3.1774715690594424
560,2.8799790238195624,3.1133709996311163,3.2479223018317187
561,4.488190677983202,3.9733272874911325,4.033537343311865
562,4.2938016867931665,2.5520192072474974,3.408296845135135
563,3.1868342259431377,2.6346400945149755,3.449764522410165
564,2.877866999372214,4.190883591417292,3.769474592921525
565,2.5400552309632047,0.938918590476943,1.6057929789047154
566,3.0837960238497786,3.579497594871349,5.359638420132961
567,3.776886852897101,3.700879768363302,2.356912542769252
568,1.166015508017348,1.7908111958328488,1.9952766946986749
569,5.022174822671409,3.9860909746331554,3.5373096221949463
570,2.204162570350253,2.753684677551625,1.9055071591626356
571,3.476207190063354,1.6483693722415556,1.4242488891813485
572,3.5114499235528767,3.2349170894111974,3.3583621991681896
573,4.89032156331184,3.77962391743747,2.8477780437673523
574,2.788025810104706,2.555076889936754,3.7209375023032054
575,2.1920885843041864,3.7804910356407344,3.460521719982647
576,2.123893618476585,1.979914117986096,2.0476060269805236
577,2.960748228077005,4.337945165328497,3.3233472629713323
578,2.261888631224398,2.6658507791141237,1.453718846895069
579,2.7399027147274544,1.1810548480993375,2.9932350611584395
580,2.541966959662241,4.5966316383364925,2.7737379130956157
581,2.1644975324369926,3.6420899017361807,3.970553732935098
582,0.5551111890996658,3.013754970002418,2.255003307313708
583,2.9548497021301974,4.771533571122173,2.5185274987078463
584,1.3864087102319,3.405108927718259,3.023464327630619
585,2.210796697346807,2.979501341136132,2.078963874937183
586,1.6644624040357534,2.593453042410335,3.679019140332665
587,3.353950699472249,4.051809655950198,2.6537714286457033
588,2.680398367918219,2.4965074372420344,2.359466092162542
589,2.408147868732995,2.9310685533448466,3.6523250546154227
590,3.0486889937549364,3.3078375684267822,4.139602808223778
591,4.162216878986801,2.188416923025149,2.884498282095569
592,3.7932668679063903,2.5452796698807605,4.649236204914041
593,3.7577621593970942,3.9125422263439,2.2610530608290755
594,4.244636585024434,3.554969953929996,4.475564963223906
595,3.09670911358745,2.1921484213530813,3.7551954219356527
596,3.9687038553669907,4.459438339389934,3.1791981785556587
597,2.1965124466670294,4.579496030828515,3.5418053865517
598,3.9539123043669298,3.751403437511706,5.318763675605745
599,3.7318332365090323,2.774358205955537,4.914485075658918
600,2.007216815526403,4.244632428580475,3.3201886827486646
601,2.405961785949105,3.6838815393709257,3.2735354139093706
602,2.8030320120522294,3.8818060114081963,3.4052835649647513
603,2.087247518069546,3.3847423423334617,2.457186177124518
604,0.7975082054736888,1.9348071103776392,2.2895813504437763
605,4.77641608891641,4.109517807261469,3.309050461537222
606,4.77213493692842,3.4586619191606025,2.6957819141536072
607,2.803783334271718,3.392274265143191,1.917307377312789
608,2.8999722109737953,3.6978813948910334,3.9195701112422667
609,1.361033556196125,1.2138466072950145,1.9208068388580746
610,3.6016115424682313,2.8608420105993653,3.5128837335370666
611,3.980656251741009,4.131392048570098,3.658733699565416
612,2.7968218371707434,2.5514066916207545,2.385109208203908
613,2.8017538011182728,2.9907105903042535,2.8473903167957415
614,2.4575731333149067,2.5821406579004478,4.366509437560661
615,4.068548639312909,3.3779076968230557,2.485384954219037
616,2.623345554385873,1.456323574249684,1.7468868973392848
617,3.1224482460750096,2.6218299015979363,2.4834731713487743
618,2.9944120009749926,4.095892192739391,3.159623329131908
619,3.6336681028290068,1.6388455826185884,3.0172083143897916
620,4.179915043427431,4.191820144315841,2.8419084201858795
621,2.5011633738632892,4.023799375690475,2.2794064809332992
622,2.2489419983599768,2.498107657429026,4.378257130834475
623,4.835679469108938,4.730506096544691,4.345868280981661
624,4.36826529164332,2.1043333680591965,3.8160938627058663
625,1.7520134729929848,1.3668375248093743,2.980032308168602
626,2.8549000188511338,1.370474305639947,1.3876466738760784
627,4.241317486222557,3.0539770393772647,2.6266497352357834
628,2.743556821094098,3.1057280564766723,5.501024578314559
629,2.4081652093529944,3.0257092880584473,1.676465590623478
630,1.8793767713505232,2.978122035742822,3.173852810186404
631,1.8240488469069385,2.5346891338888082,2.2728142645413727
632,4.728387305859963,3.1791488179436795,2.7775370315059718
633,4.25142302331036,4.930907691697244,3.4717444685037147
634,3.738418871273657,2.958423901615167,3.811810627216391
635,2.054714180404918,4.278998076427847,2.707059267348271
636,3.9356856460747554,4.238441638180717,4.088827287021681
637,3.3466845064156,4.368914351115441,4.352198107746993
638,2.6138944999496134,3.996120720489576,3.4825605024482345
639,3.0945799340567968,2.335916737499385,2.064474978701476
640,2.8273767084578383,3.246198504715978,4.06647259377136
641,1.9023231583559828,1.5270000642975827,2.738440482202487
642,4.496686833434836,2.6860303864253545,2.3844116305565892
643,3.73400519391216,2.9874466827160795,2.2189984869675747
644,5.344505567824125,3.514335955747301,2.6151818940200786
645,1.5660183120231688,3.830741072067129,3.5498458211028265
646,4.0419845650014645,2.5667165581897784,2.721041045193153
647,3.0777996150776183,0.7817773258795726,2.2493196168759706
648,3.437451684218652,4.062547150491866,4.696958263093616
649,2.3828529668022678,2.700741173301529,2.4374908588485855
650,2.54885164488632,1.2316321612874144,3.766891492280244
651,2.7665449512346294,2.8723021062106633,3.1283383633693873
652,3.5201859219357283,2.600877762858027,2.9943350191114737
653,2.0035734138046077,2.1964717138294,1.059373343311533
654,1.0655532737803097,3.251338003003049,3.538895788092978
655,4.50204073747038,3.420446237571892,4.58691599858389
656,2.5584319085608835,4.1538982388533485,3.4820008905380324
657,4.922133416535966,0.8647746793917541,0.47069317707650127
658,2.4968807884977684,2.512053024006653,3.0866861444736657
659,1.2966174287002545,3.8487947240055167,3.3101904193808465
660,2.1812171410449483,2.956067819600207,2.9184892683598616
661,3.674583717867185,3.7085231106788483,2.2336742713670517
662,4.768332728818314,2.3885326705221512,2.173485960393224
663,2.289699119760846,4.121172221573561,3.991934115465393
664,3.4666284374169445,3.4808798889881936,4.043459958286799
665,1.7686789769903113,1.3649103618194434,1.9810533361083142
666,2.0784672247128473,3.6442394547035653,3.0992309623358216
667,3.602648783755248,1.9883032201473783,2.5350818576902028
668,2.8668355712751827,3.195414882795924,3.9575963036254382
669,4.277493600025045,4.738384813562799,3.110250698405686
670,3.184768619174746,2.3201348821217755,2.1590183750554726
671,4.24048090054611,1.99637038347599,3.335076961261811
672,4.250155429274464,3.0365108868877573,3.29363397133263
673,2.7097586006258667,2.439892296598877,1.8006790173793918
674,4.167257010401582,3.518447425063677,2.4082170887362615
675,3.8006131975849433,3.4018258494871154,3.364684019562584
676,1.6729412678655697,1.8412500035925294,3.622539826321038
677,1.8116211026824671,3.1457327226616236,4.143280072738314
678,3.6732300006220195,3.1014275007465444,2.082240057590549
679,2.703155357020966,2.2186125607374176,2.696802380010465
680,3.3181295717719097,3.720108676811621,2.6055205357231337
681,2.4447306380688554,2.7644769228885417,2.8326652543388646
682,2.407075621991824,4.818391636501368,3.4974981352213144
683,2.0089710110527927,1.0565455500788747,0.4979880559439893
684,4.958734263940548,2.83106156910722,4.632141812201615
685,4.2773910921631195,2.6013668868559847,3.6415227875770793
686,4.151173083306937,3.3738182186979353,2.2695469898035627
687,4.327612380150907,2.361653726958279,1.7789058498810038
688,1.182367784782551,3.476126028752466,3.4111350021515334
689,2.250938803547292,3.796978949870058,4.024471208507556
690,2.146563879211103,1.1591087632490524,1.144542999468522
691,2.2179642070103913,0.7557004941825309,0.7527694687509903
692,2.8849350758194054,1.3730173222928281,3.8061153455198995
693,5.451873181107851,5.065386949629536,5.096166217738274
694,2.570542202762804,3.533900413713485,3.660760854984461
695,3.385665729245243,2.0373437913844934,4.182244280802843
696,4.982493356822478,3.072029595098423,3.3928252736761526
697,3.6690615450654853,2.91272490309677,3.0977834632074175
698,4.493107798338022,4.447399207212481,3.8764604783907046
699,3.505605985561177,2.997992493272583,3.9525726117433684
700,4.03032455458246,3.6361860221684865,3.5452541382067397
701,2.195080462883702,4.334074140504157,4.469074492512462
702,3.4323737954196187,2.667399316224875,1.9267999483991334
703,3.300632954585788,2.8026019108725837,1.864597989321122
704,1.5024645166166144,3.634505513237547,2.788236271245322
705,3.250684235442238,4.204374986414791,3.7204790918902866
706,2.328828093730368,5.05945945478324,5.000915024015521
707,2.5457333686258026,3.0718120558961077,3.672806341511312
708,3.1721282089747453,4.364982442483199,5.125582442882228
709,2.6315994301684444,1.6306871297663488,2.5233431263605817
710,4.4213830409775925,3.2986737125641574,3.2387337287151996
711,2.1514335479052464,3.129186763749834,3.2614529407099653
712,3.055370532135882,1.6879311495848361,1.5780531917179823
713,4.213782742121292,1.6754045161471085,1.8686618495274705
714,5.049367331359651,3.0721827528539403,2.1055027298288422
715,4.484657060223215,4.725585108937082,4.48090750016946
716,4.06778879150718,4.065393407430709,3.6097727134493756
717,2.146677350314576,4.349426595734716,3.6681186012825657
718,2.4250868651438453,5.225534770319037,4.840966529633204
719,2.522844908443105,3.7105336666316626,2.4356409595896205
720,2.6705398210347946,3.1582822920785234,3.6532520100529404
721,4.389499650107619,3.2290118804384473,4.881214717872927
722,2.7126542113849177,3.5339890031490393,3.5136978138951136
723,4.103177837067639,2.5920997899552125,2.7035098289751285
724,3.6841398616227417,2.7392071184310036,2.0139143640130723
725,3.1852427140327517,3.2036027804384375,4.318279982437316
726,2.237952792864804,2.6315150733988086,3.518711343465635
727,3.6869458751746453,4.425983795525032,2.7263581759349433
728,2.794407144780692,2.5947632901280446,2.400395015575851
729,1.5474238206771067,4.0858130003617905,1.501049694909762
730,3.18198852147943,3.1030253335491196,2.3663173476094936
731,3.4147019279363735,2.780929818514179,1.4246773122019785
732,2.891312631429956,2.892190526027823,5.588315213811819
733,1.6470521456723088,3.0415931207813647,2.2114857083921944
734,2.7296593722770792,3.3815366403768574,3.6021153117181375
735,2.158927958317678,4.601937350493955,3.944084814851404
736,3.353352576223169,3.424812199460642,3.3841999665986267
737,2.8111762937496243,3.8865081245661557,3.1097196920881918
738,2.3518137110953514,1.9747086548009185,3.33233581524313
739,3.6739278368088963,3.4016915632075904,3.928786192009161
740,2.979968356876918,3.5628552462065306,4.1036036299246
741,2.247888551901215,2.5796623022413616,1.6661471683614042
742,3.2397501093280603,2.1541239514439185,2.5659162777665454
743,2.8097670476369387,3.2938909078063103,2.9729362132419146
744,3.1120756880112155,2.3981107351819606,2.069454424494742
745,4.807267854359842,4.844989248285826,1.710711725570473
746,2.8199332884432993,3.7617725105581523,2.4148425054811176
747,2.5034300246665997,2.817870458194663,1.48236037735444
748,3.4158912667644006,5.464761370802776,4.291253742437633
749,3.367101407824738,3.3678605115798677,4.263572429160685
750,2.151622412304303,1.7209481542384049,3.0921945336283883
751,2.550113656864124,3.7206069994031816,4.435852332815497
752,2.0434605469168146,3.2226657244344237,1.4659134098302644
753,3.360840453482182,2.2415309646697104,3.6488987431514803
754,3.200191738302419,2.7818212040172705,2.713928654811872
755,3.740532772648106,2.5197433228931088,1.2343301751567928
756,3.321059059763243,3.7168692326722526,3.2733280190020055
757,3.184271530905347,3.9936960524078664,4.103313385727336
758,4.83139781456455,4.282919120959142,3.6587671415730485
759,3.2845153894254313,4.114798643645951,4.297304356087003
760,3.5587868308681263,2.0597817431911936,1.5854332141135057
761,2.9560223851343843,2.9627216092903055,2.995482190857313
762,2.137705319186698,2.5855164979503056,3.2061993674400306
763,2.953074547284745,3.249929710926527,3.3904738827198053
764,2.3823179909958485,3.42182124306984,3.935100307488331
765,2.8718296461928765,2.6032335543022844,1.4565107034677727
766,2.779121642920013,3.0209295578973228,2.7833360223145562
767,2.3300223343331576,2.556506687098283,4.234154980808793
768,3.9310761477955696,2.9284530621673763,2.4696322956021475
769,2.3485249991619033,1.6700768670924857,3.347044991543274
770,2.252987717791267,3.2140512205321556,3.237332098395153
771,2.5874457207151824,4.679040096494723,4.203201434700754
772,3.533921432077636,4.7355833028692205,3.826439756350193
773,4.1437684708361955,2.2050785746608748,0.8880360122828481
774,2.1944834894932157,3.5316782506307876,2.5546052887650856
775,3.9826382381148275,3.894039610422306,4.3122073246607195
776,3.5098356546409835,3.854741050896862,3.3917011656336227
777,1.7491844410147415,1.9714379501998556,3.33891496191861
778,3.836231430080232,2.8446811949504682,2.6095464647292377
779,3.885640116163774,4.30274373638354,3.881198170524746
780,4.540153515829084,2.4087609738787386,3.6812320771978255
781,3.297070534047032,2.092928079136466,0.7701531697693333
782,3.312393896270106,4.13818693067558,2.8160320556805587
783,2.644988486589112,3.0173075002200265,2.855048416335706
784,4.400670188571518,1.8611898112835572,2.8058910632861114
785,4.542710669121965,3.9986487498709606,3.2399455695419523
786,3.054437761320221,3.1285204970452556,3.107471499992031
787,1.32679581460039,4.896467020299265,1.057052052569258
788,3.7629610223996344,3.9405805112370818,2.7278619528160686
789,3.1416550599591635,2.6239952140604403,3.67056833059899
790,4.031776608845067,4.007017057603061,4.401255938340124
791,3.8977246174808586,3.5631722750073718,4.61120521217193
792,2.5822939551723967,3.5316887798060845,2.0926284474655157
793,2.7721266268502496,3.9409927447083497,2.5851306948919133
794,3.918185954145773,3.332963524826472,3.152027386175405
795,4.7150748643903135,3.757296377232803,1.309038704011143
796,2.711855674202735,2.659825600148369,1.827374347431965
797,1.2497229088584432,4.875803681692572,3.7762301456855365
798,2.309200279019769,2.7255011158825226,2.7863128486263262
799,2.465303017505702,4.625358479201829,3.008148524515447
800,3.7049542678952,3.023854532689564,3.617883721810872
801,3.391351959457316,2.698127247872682,3.120061088453792
802,3.4898059967292983,4.006601822043434,3.2370484515532625
803,3.3155011823011256,3.7365119863506733,1.6256884452783114
804,2.633525933826311,3.7669444594792583,4.106967098793019
805,2.8253308890925948,0.6738070276364816,3.293733678605148
806,2.9278090985956493,1.9209248241483894,2.956147655467413
807,2.885831877192684,3.525372716866678,1.9600208389685196
808,2.7824751272954105,2.7298787608626265,1.8908476808942665
809,3.5720966944258015,2.582253701819849,2.75967312818551
810,4.980747918131927,2.021683140004728,1.9681350361659289
811,1.1825052286663982,3.0901357005232235,2.609274348337709
812,3.947873184700579,3.790475993500628,2.204657286305773
813,2.4842183303049024,3.5729969702870044,3.206343276719293
814,3.350338539127731,1.9132901658659482,2.435909791028701
815,2.840400960156495,3.717747691569728,3.258269553865566
816,2.6728714794259596,2.4293099296153615,2.7937228204349545
817,3.657374612814471,2.9597803212537155,2.314102997296857
818,3.319300542310944,2.741475818274113,3.45104088055966
819,3.422424228956503,2.688064527723339,3.18978060763855
820,2.7688463581948155,3.058062491223173,2.0256075177214443
821,3.200706273692424,2.378874468466466,3.807488068175989
822,2.9803803787503895,3.002207106796992,1.942081972381728
823,3.299611317620389,1.7131830733820732,3.6979616640527424
824,4.767549597595162,2.6172909406047307,1.5905298029931108
825,3.3178815213213264,3.808364121679721,2.567342010662057
826,3.0765089734972517,2.358079848776303,2.855188729697287
827,4.373325224745155,3.7267782297907996,4.591567425277472
828,4.028710708074828,2.7657080972398944,1.9183863747290346
829,3.5507586101429505,4.885633932791293,3.8180374188884314
830,3.7690838995772027,2.0719097392883725,2.748690292861312
831,2.140689352305691,3.2872602707758616,2.1666060761810373
832,2.7338667284877842,4.332444926706321,3.7555140207400006
833,1.9497263027757368,2.08903488639745,2.289068810837673
834,3.760461528094618,2.8981283113567557,3.3268013898971027
835,2.5082087807203743,2.139417495379125,1.96730081530714
836,3.128688855165886,2.868542060215869,4.779913087839589
837,3.4203592289960856,3.256502780487068,1.9500316455590543
838,2.0158092568183283,2.260687475568873,0.4537176498676212
839,1.6744286085778675,0.5169672791700628,3.730064315493985
840,1.2416978083800612,2.5866617825607268,3.2499090393298924
841,3.3018063914663047,1.736069984254965,1.649509049182019
842,4.378456713705599,3.58577602991247,2.427343500922664
843,5.299749853496284,3.418742786295423,2.0291602288091735
844,2.3496782149847837,0.9498554693183707,0.7587824100027842
845,2.830419817720143,2.918905254318318,2.962348455582486
846,2.8548562215968634,1.9695246662417087,2.2367205151934964
847,2.865809926417911,2.680262775473167,5.357188826614732
848,2.9148780543603454,3.5723625580960516,3.131844060517745
849,2.9123146621662315,2.3527414807808817,0.037966173785681345
850,3.9856921197416337,3.169553630706525,2.9571251155782345
851,2.5416000698826196,1.6357916478938703,1.599757636284224
852,1.0438838820206664,2.5127328119010244,3.1679496576564734
853,1.707678607164626,3.6262740284148,3.5541087680020156
854,5.433890744313002,2.626762654439448,2.6597399004253313
855,2.959559002480353,1.8638847471538802,3.4425158594456686
856,1.7031513903374809,3.5980054428126866,4.006769345501988
857,3.2360561804567585,1.865795631509228,4.026440190797922
858,2.2423286492630434,2.9922579942022813,2.4041439137294986
859,2.6333483425901747,2.7229026466321113,3.887829989607077
860,0.3131557430521652,2.091872067752327,3.355451758419781
861,2.2161191756241623,1.6516888286547964,2.4917692787142096
862,4.137302215543993,3.031930938562544,3.4927827861938514
863,2.65843839738832,2.899417993701149,3.410355310626836
864,2.1373112043444333,1.8048137619938482,2.0461075649050713
865,4.643562886425849,3.004981353696415,2.5264506322913287
866,2.9112247509469475,4.00423396781255,4.350029722250206
867,3.231247683145669,5.112210125510544,3.9837613413397195
868,3.3576607027051426,1.791000987592906,2.8944220626650488
869,0.22751484860023918,1.2027829265354142,2.9086399776839285
870,3.3374343990520043,1.5424683986310885,1.8100499304576527
871,4.294836024864262,3.2686013045011117,3.1029586549918995
872,2.1019979461445453,3.028362969659105,3.252330276308661
873,2.679627325194914,2.7576773649705695,2.1238118129271775
874,2.2264651423232538,1.3930010130807942,3.250634048363632
875,2.377151901457946,2.920771931881197,3.2635937878581283
876,1.9826711399027208,3.281173217538371,2.5414328757747855
877,2.6590587826352974,1.873416658410631,2.36092063801037
878,1.0809569723065593,4.395405708591948,2.5963554359969367
879,4.068483947696977,3.495611649257823,2.3603266649147683
880,2.8877328715893813,3.418280741442745,5.1689040125574595
881,2.273006063100609,3.3276926973550385,2.424735955836353
882,3.9820010984838112,1.9275133446952089,2.226777360183252
883,3.7090275184684387,2.0146139216033294,2.6243690239468904
884,1.6640572365896826,4.11362384296433,3.1895231465747558
885,3.272468615449105,4.0186547556462,3.3324548203839446
886,3.6860958653127223,0.47974954679796555,3.3389904742870944
887,3.189048102369623,4.317041034648884,2.8246979514722597
888,1.6671574275853738,4.475614307456501,3.567291840859202
889,4.229762539753333,3.7821539542906626,3.6459009316071374
890,0.2319687615888837,3.6789898957811658,3.13427837253981
891,2.07911907954857,1.8954796135401442,2.915088560991747
892,3.234425505710104,5.871958288237739,2.4369708418279217
893,2.7771633905291946,3.4490385711085763,3.9738955205318724
894,2.5806650485122034,1.9884396117686598,1.923610880830061
895,2.7899713704077764,1.148955329082247,1.53884955084876
896,3.745722470422844,3.850699853702517,2.6195039262406534
897,3.550166373401793,4.5930231475980445,2.2545805619962196
898,4.909594184920958,6.6055108629906005,5.165345129407065
899,3.9491919658402956,3.927793713618245,3.2113424231757737
900,4.322301544175687,3.1963228768717356,1.7390092768089414
901,5.191260019956683,4.906615070902284,6.5456056735953405
902,2.583889814104409,1.767251826367469,1.4127102703158623
903,2.1542422649199096,1.1167579347657042,3.0823046910284204
904,2.4317879511478147,2.70298232745061,2.887517206383878
905,2.595615852383723,2.208926771537436,1.615958627271831
906,2.186052366790893,4.377521478378469,3.2046028185248243
907,3.08834209591587,3.146911481875494,3.265787544870793
908,3.183448627473839,3.0801020411784537,3.23176550158057
909,3.6572653617976036,4.095940970535442,4.053564684116809
910,2.0054529030034067,2.2154607255566523,2.303399005788692
911,5.762601914654379,2.7645441459659925,2.176672681180819
912,1.9501281634700738,3.1119561354582057,2.4567119560486588
913,2.8448686149371953,2.2440370287469955,2.4065441975603132
914,2.5468359075899674,1.601171512690226,1.9490056974223853
915,1.8609674828987803,2.4974691434937712,2.0351864998713713
916,3.6759615093962603,1.8319098368722166,3.9244916756406862
917,2.890583051653578,2.68470977274547,3.48394021621726
918,4.167834163339943,0.5952459671640495,1.6127642957051478
919,1.692346641348363,2.5137452313577056,1.7204032894199852
920,3.2155696802480085,3.3110969483248645,3.9974960413940908
921,3.3464180665469154,2.298582883565864,2.567515372522513
922,3.972934687961563,3.1461813437118735,3.450436995099451
923,4.592708900847053,2.2049440913605967,3.133605568776741
924,0.45981063662301747,3.2963558508413175,3.0694562995561694
925,2.8864669694909044,3.6972065529407394,2.6405477077428086
926,3.2351486816200477,3.680529787362249,3.3831828948654428
927,4.433374740361096,4.052966064939423,3.93853132757108
928,1.5729733424440155,3.7663459885523043,3.932808922323111
929,3.263521723572873,2.4653295730290945,3.5253176663976347
930,4.789883674190711,2.467348633803378,2.126685618892135
931,2.0023944099680144,1.7916276216655855,2.4715424240724095
932,4.358669025799735,1.3125891611090252,1.837042222019712
933,3.6528223239610944,3.727730227102607,2.3624262581487647
934,1.6707720150692043,0.7202847472569602,1.591483675431083
935,2.4954424576619845,2.291766516842034,1.600976448839748
936,3.61712367443957,2.0272607375774454,2.21138917195393
937,3.359685484599864,4.157046264977678,4.202837436231823
938,2.2036150583973906,1.3050697142390086,2.19198170125342
939,2.503957427034761,4.03536839388939,3.033905607823174
940,3.4206200760190395,3.008099640743546,5.02526920921096
941,1.2379956364677291,3.24753001725638,2.7909743574927814
942,3.314285444957253,2.0419378290932197,1.8037088282238278
943,3.828821937869491,3.361545254417374,3.6904541681094836
944,3.899624479568746,2.154689534258599,2.059336262642866
945,3.7039814927785244,2.181852831516391,2.6204355573662554
946,1.5953460278741536,1.7195894452530582,3.8029367167647923
947,2.3888194571859778,2.4542343927031416,2.221746417670654
948,4.53975944849098,2.8301073283805094,3.956502684890956
949,1.0570846735137347,2.3882786222730856,2.618658381452595
950,3.1034913516745273,4.5646515851297735,3.2048995997993863
951,2.5303054441074457,3.7201445768865042,1.525100313886907
952,1.765010568520584,4.093837303253402,4.620803530459597
953,3.0354045147675373,3.6384533067729605,4.65014467284993
954,3.216620125241339,2.5249443017269666,2.6156606664806343
955,1.79863930227958,3.0812607408996513,2.199232655176476
956,1.8865621515336695,3.49725038559241,1.8702828410647412
957,2.8744244690385194,2.976680225236019,3.5927439715743095
958,3.2103615772417413,3.9709860052278607,4.456184135020672
959,1.7738047888287323,2.368187886383755,3.1192334732628133
960,2.1128500051660564,2.373561449569451,2.08788405388864
961,1.1408922810081226,2.546644266227838,2.229715928352385
962,1.235195555384033,3.466740733285668,1.586759295947875
963,2.8496371322947764,3.1854662761913386,2.0323394681703393
964,4.31932750006612,1.7059204307098625,2.4818712084060177
965,2.864227068860552,3.095783169066438,3.965798503583097
966,3.2614258678401837,3.631710018811787,2.9514771671781737
967,3.425530365176381,2.025170529695996,3.654471051508872
968,2.2366989593567883,3.768202323828718,3.191194553985281
969,3.053017327139262,2.5315665498647193,4.0015907408279094
970,1.2876132333313115,1.682031769996617,1.5512502210016446
971,3.391690448943889,2.7128748433093977,0.8003099165615111
972,3.3030246134124592,1.8516322739098214,0.8415389174690588
973,2.793764112641161,1.3413903985092235,3.007623883919788
974,2.486783583302347,1.6464698042774135,0.7292967016827561
975,4.11729775034125,3.9375526947456767,4.1915979488625705
976,3.5482102699030227,2.902195877775869,2.240494058089257
977,3.0282022414558183,1.8226783487417975,2.3980737805373455
978,1.4787819566984726,1.9890708891380562,2.4157445844854846
979,4.5679526551344605,4.138658191040586,4.789470618683923
980,4.1563564705279195,2.7461922426426573,4.622744680279784
981,3.839757426574249,3.9181969494887223,5.2154204265808595
982,3.9632043621842836,3.758366265591942,2.2997369478041807
983,3.419935930247042,5.0515248883434545,4.769935343190864
984,2.0148548210869706,3.730693458450589,2.8752080694609337
985,3.040026242238546,3.5423992815446725,2.573842038340193
986,3.3376402815734534,2.2353471764065533,3.0705773034942045
987,3.797697624348124,1.984366743148756,2.714448262461016
988,3.2029997480716963,3.915881078522397,3.1853788396576777
989,2.224450266674553,2.064005582384335,2.0703313607169482
990,1.8744372143888,5.141962278779349,4.420770236610117
991,2.812022337757976,2.5871538297729764,1.4981064671490825
992,3.234262340769106,3.944210822236027,2.832532273696467
993,2.3236414036763673,2.5474803627986597,4.068830259912449
994,-0.7588064068806597,4.044308494432473,3.6642717506095
995,3.598226285907317,2.435656807079439,3.0580315010802637
996,4.537761256725468,4.548325712428714,3.3491985064443606
997,1.5720257398359385,1.1533019450786721,1.8455075580989226
998,3.2599772200529733,3.117778624416861,3.66527339485521
999,3.2401132030083852,2.64253824791918,3.784995240062158
1000,2.386407488538817,3.3418902734262437,2.732852766879853
